HPI,CCI_Lead3,CCI_Lead6,CCI_Lead9,CCI_Lead12,CCI_Lag3,CCI_Lag6,CCI_Lag9,CCI_Lag12,Creditloan,FCFI,HouseSt,HousePer,Unem,Newsales
1.132878416,1.00742115,0.977736549,1.019480519,1,0.87755102,0.755102041,0.856215213,0.796846011,1.180053883,1.238277794,0.87456847,0.839655172,0.921875,0.948427673
1.143880398,0.895176252,1.001855288,0.978664193,0.99257885,0.890538033,0.736549165,0.836734694,0.791280148,1.181420004,1.264523739,1.062715765,0.857471264,0.921875,0.909433962
1.155701726,0.948051948,0.988868275,1.015769944,0.971243043,0.859925788,0.814471243,0.841372913,0.749536178,1.191602347,1.302565615,1.00575374,0.988505747,0.90625,0.997484277
1.169611606,0.923005566,1.00742115,0.977736549,1.019480519,0.755102041,0.856215213,0.796846011,0.56122449,1.207699244,1.310970215,1.079401611,0.917816092,0.90625,0.940880503
1.182755058,0.941558442,0.895176252,1.001855288,0.978664193,0.736549165,0.836734694,0.791280148,0.464749536,1.22600689,1.318932468,1.100690449,0.967816092,0.875,0.914465409
1.192570035,0.894248609,0.948051948,0.988868275,1.015769944,0.814471243,0.841372913,0.749536178,0.520408163,1.242863207,1.317752875,1.012658228,0.942528736,0.890625,0.880503145
1.203817485,0.87755102,0.923005566,1.00742115,0.977736549,0.856215213,0.796846011,0.56122449,0.606679035,1.256489065,1.321144205,1.02301496,0.881609195,0.890625,0.899371069
1.21736431,0.890538033,0.941558442,0.895176252,1.001855288,0.836734694,0.791280148,0.464749536,0.6567718,1.278791298,1.327779416,1.054085155,0.914367816,0.9375,0.916981132
1.230147363,0.859925788,0.894248609,0.948051948,0.988868275,0.841372913,0.749536178,0.520408163,0.744897959,1.296816211,1.344736066,0.967203682,0.94137931,0.921875,0.914465409
1.241209966,0.755102041,0.87755102,0.923005566,1.00742115,0.796846011,0.56122449,0.606679035,0.781076067,1.309177672,1.385432026,0.876869965,0.851149425,0.9375,0.842767296
1.251752858,0.736549165,0.890538033,0.941558442,0.895176252,0.791280148,0.464749536,0.6567718,0.80890538,1.321924539,1.448097906,0.861910242,0.733333333,0.921875,0.750943396
1.261335469,0.814471243,0.859925788,0.894248609,0.948051948,0.749536178,0.520408163,0.744897959,0.729128015,1.346512665,1.489973459,0.771576525,0.720689655,0.9375,0.703144654
1.269892121,0.856215213,0.755102041,0.87755102,0.923005566,0.56122449,0.606679035,0.781076067,0.690166976,1.335396007,1.521085226,0.776754891,0.735632184,0.984375,0.744654088
1.278952378,0.836734694,0.736549165,0.890538033,0.941558442,0.464749536,0.6567718,0.80890538,0.640074212,1.33089014,1.565467414,0.602416571,0.68908046,0.984375,0.680503145
1.288069795,0.841372913,0.814471243,0.859925788,0.894248609,0.520408163,0.744897959,0.729128015,0.721706865,1.327701828,1.654969036,0.604718067,0.567816092,0.984375,0.596226415
1.296835582,0.796846011,0.856215213,0.755102041,0.87755102,0.606679035,0.781076067,0.690166976,0.756957328,1.322460196,1.703479799,0.533371692,0.464367816,1.078125,0.465408805
1.302784732,0.791280148,0.836734694,0.736549165,0.890538033,0.6567718,0.80890538,0.640074212,0.806122449,1.314295898,1.640813919,0.688147296,0.494827586,1.171875,0.589937107
1.306214139,0.749536178,0.841372913,0.814471243,0.859925788,0.744897959,0.729128015,0.721706865,0.769944341,1.312418498,1.547773518,0.730149597,0.642528736,1.1875,0.694339623
1.313867476,0.56122449,0.796846011,0.856215213,0.755102041,0.781076067,0.690166976,0.756957328,0.77458256,1.312940865,1.470952521,0.826237054,0.723563218,1.21875,0.8
1.325367722,0.464749536,0.791280148,0.836734694,0.736549165,0.80890538,0.640074212,0.806122449,0.794990724,1.323130612,1.457829549,0.846375144,0.785632184,1.203125,0.828930818
1.335779439,0.520408163,0.749536178,0.841372913,0.814471243,0.729128015,0.721706865,0.769944341,0.719851577,1.330261074,1.465644353,0.876294591,0.852873563,1.171875,0.749685535
1.343159624,0.606679035,0.56122449,0.796846011,0.856215213,0.690166976,0.756957328,0.77458256,0.701298701,1.333210054,1.487466824,0.86881473,0.785057471,1.171875,0.705660377
1.348662648,0.6567718,0.464749536,0.791280148,0.836734694,0.640074212,0.806122449,0.794990724,0.620593692,1.335164498,1.562076084,0.852704258,0.794827586,1.171875,0.706918239
1.355193042,0.744897959,0.520408163,0.749536178,0.841372913,0.721706865,0.769944341,0.719851577,0.617810761,1.359529126,1.672368033,0.890103567,0.717816092,1.125,0.66918239
1.362069562,0.781076067,0.606679035,0.56122449,0.796846011,0.756957328,0.77458256,0.701298701,0.602040816,1.345498497,1.750368623,0.716915995,0.701724138,1.171875,0.642767296
1.368334505,0.80890538,0.6567718,0.464749536,0.791280148,0.806122449,0.794990724,0.620593692,0.577922078,1.337187327,1.82542023,0.751438435,0.68908046,1.15625,0.641509434
1.373981368,0.729128015,0.744897959,0.520408163,0.749536178,0.769944341,0.719851577,0.617810761,0.525974026,1.343801535,1.813919198,0.782508631,0.679885057,1.15625,0.646540881
1.379421835,0.690166976,0.781076067,0.606679035,0.56122449,0.77458256,0.701298701,0.602040816,0.528756957,1.352297396,1.825125332,0.655926352,0.683908046,1.125,0.591194969
1.384698685,0.640074212,0.80890538,0.6567718,0.464749536,0.794990724,0.620593692,0.577922078,0.569573284,1.361619582,1.864494249,0.601265823,0.674137931,1.171875,0.587421384
1.388250859,0.721706865,0.729128015,0.744897959,0.520408163,0.719851577,0.617810761,0.525974026,0.525974026,1.373069587,1.891772339,0.601265823,0.56091954,1.171875,0.522012579
1.391551784,0.756957328,0.690166976,0.781076067,0.606679035,0.701298701,0.602040816,0.528756957,0.586270872,1.379740334,1.923621351,0.598964327,0.537356322,1.125,0.542138365
1.394475531,0.806122449,0.640074212,0.80890538,0.6567718,0.620593692,0.577922078,0.569573284,0.527829314,1.39015506,1.95930404,0.540851554,0.51091954,1.15625,0.475471698
1.397132175,0.769944341,0.721706865,0.729128015,0.744897959,0.617810761,0.525974026,0.525974026,0.538961039,1.412248072,2.00162194,0.524165708,0.486781609,1.1875,0.425157233
1.399989137,0.77458256,0.756957328,0.690166976,0.781076067,0.602040816,0.528756957,0.586270872,0.503710575,1.412364985,2.00678266,0.502301496,0.420114943,1.234375,0.447798742
1.402814862,0.794990724,0.806122449,0.640074212,0.80890538,0.577922078,0.569573284,0.527829314,0.532467532,1.417154724,1.968298437,0.481588032,0.429885057,1.296875,0.480503145
1.406132257,0.719851577,0.769944341,0.721706865,0.729128015,0.525974026,0.525974026,0.538961039,0.551948052,1.43485601,1.792981421,0.523590334,0.457471264,1.328125,0.574842767
1.409672293,0.701298701,0.77458256,0.756957328,0.690166976,0.528756957,0.586270872,0.503710575,0.547309833,1.429799791,1.899587142,0.485040276,0.456321839,1.34375,0.462893082
1.413272637,0.620593692,0.794990724,0.806122449,0.640074212,0.569573284,0.527829314,0.532467532,0.627087199,1.418181422,1.915364199,0.498273878,0.464367816,1.390625,0.459119497
1.415518893,0.617810761,0.719851577,0.769944341,0.721706865,0.525974026,0.538961039,0.551948052,0.736549165,1.418357607,1.922146859,0.535673188,0.512068966,1.40625,0.470440252
1.416684599,0.602040816,0.701298701,0.77458256,0.756957328,0.586270872,0.503710575,0.547309833,0.770871985,1.425765599,1.932910646,0.527617952,0.510344828,1.453125,0.426415094
1.416411974,0.577922078,0.620593692,0.794990724,0.806122449,0.527829314,0.532467532,0.627087199,0.813543599,1.434260017,1.936154527,0.589758343,0.547701149,1.46875,0.483018868
1.412776633,0.525974026,0.617810761,0.719851577,0.769944341,0.538961039,0.551948052,0.736549165,0.811688312,1.446266298,1.940135653,0.518987342,0.524712644,1.5,0.465408805
1.410048451,0.528756957,0.602040816,0.701298701,0.77458256,0.503710575,0.547309833,0.770871985,0.825602968,1.447718727,1.844883515,0.670886076,0.6,1.53125,0.471698113
1.41016255,0.569573284,0.577922078,0.620593692,0.794990724,0.532467532,0.627087199,0.813543599,0.846011132,1.457680458,1.88307284,0.601841197,0.532183908,1.53125,0.511949686
1.412028732,0.525974026,0.525974026,0.617810761,0.719851577,0.551948052,0.736549165,0.811688312,0.845083488,1.468775511,1.818932468,0.658227848,0.598850575,1.578125,0.605031447
1.416288005,0.586270872,0.528756957,0.602040816,0.701298701,0.547309833,0.770871985,0.825602968,0.854359926,1.46784431,1.757151283,0.674913694,0.660344828,1.625,0.603773585
1.42355185,0.527829314,0.569573284,0.577922078,0.620593692,0.627087199,0.813543599,0.846011132,0.89703154,1.474156914,1.708787968,0.789413119,0.706321839,1.6875,0.696855346
1.432695503,0.538961039,0.525974026,0.525974026,0.617810761,0.736549165,0.811688312,0.845083488,0.961038961,1.506378199,1.6524624,0.749712313,0.776436782,1.6875,0.655345912
1.441200753,0.503710575,0.586270872,0.528756957,0.602040816,0.770871985,0.825602968,0.854359926,0.963821892,1.492687411,1.61692716,0.912543153,0.81954023,1.625,0.732075472
1.448866764,0.532467532,0.527829314,0.569573284,0.577922078,0.813543599,0.846011132,0.89703154,0.936920223,1.477727517,1.594662341,0.977560414,0.845402299,1.625,0.706918239
1.45500272,0.551948052,0.538961039,0.525974026,0.525974026,0.811688312,0.845083488,0.961038961,0.937847866,1.488121739,1.573577116,0.924050633,0.847701149,1.609375,0.749685535
1.460622517,0.547309833,0.503710575,0.586270872,0.528756957,0.825602968,0.854359926,0.963821892,0.984230056,1.499680987,1.56944854,0.846950518,0.9,1.59375,0.802515723
1.466660858,0.627087199,0.532467532,0.527829314,0.569573284,0.846011132,0.89703154,0.936920223,0.972170686,1.508374601,1.552934238,1.021864212,0.959195402,1.578125,0.835220126
1.471802102,0.736549165,0.551948052,0.538961039,0.525974026,0.845083488,0.961038961,0.937847866,0.981447124,1.533413556,1.552049543,0.99712313,1.016666667,1.578125,0.818867925
1.478030998,0.770871985,0.547309833,0.503710575,0.586270872,0.854359926,0.963821892,0.984230056,0.93135436,1.551025914,1.557947508,1.027042578,1.031609195,1.46875,0.762264151
1.484011512,0.813543599,0.627087199,0.532467532,0.527829314,0.89703154,0.936920223,0.972170686,0.956400742,1.576331198,1.565909761,1.098964327,0.984482759,1.484375,0.719496855
1.488940129,0.811688312,0.736549165,0.551948052,0.538961039,0.961038961,0.937847866,0.981447124,0.927643785,1.597106123,1.569301091,0.983889528,0.91091954,1.4375,0.764779874
1.494846652,0.825602968,0.770871985,0.547309833,0.503710575,0.963821892,0.984230056,0.93135436,0.919294991,1.616073135,1.569743439,0.986766398,0.986206897,1.375,0.794968553
1.501920869,0.846011132,0.813543599,0.627087199,0.532467532,0.936920223,0.972170686,0.956400742,0.978664193,1.639124346,1.568416396,1.027042578,0.95862069,1.328125,0.810062893
1.509187562,0.845083488,0.811688312,0.736549165,0.551948052,0.937847866,0.981447124,0.927643785,0.899814471,1.689246569,1.572250074,0.9712313,0.935057471,1.296875,0.972327044
1.515096775,0.854359926,0.825602968,0.770871985,0.547309833,0.984230056,0.93135436,0.919294991,0.94619666,1.683025741,1.569153642,1.091484465,1.043678161,1.25,0.86918239
1.520395388,0.89703154,0.846011132,0.813543599,0.627087199,0.972170686,0.956400742,0.978664193,0.956400742,1.701052932,1.590828664,1.300345224,1.141954023,1.21875,0.875471698
1.52573533,0.961038961,0.845083488,0.811688312,0.736549165,0.981447124,0.927643785,0.899814471,0.891465677,1.716327491,1.576820997,0.956846951,0.99137931,1.21875,0.806289308
1.532234509,0.963821892,0.854359926,0.825602968,0.770871985,0.93135436,0.919294991,0.94619666,0.968460111,1.739164052,1.600117959,1.065017261,1.020689655,1.203125,0.803773585
1.539645027,0.936920223,0.89703154,0.846011132,0.813543599,0.956400742,0.978664193,0.956400742,0.92393321,1.782107667,1.634473607,1.020713464,1.000574713,1.15625,0.773584906
1.545066232,0.937847866,0.961038961,0.845083488,0.811688312,0.927643785,0.899814471,0.891465677,0.951762523,1.821845123,1.626069006,1.060414269,1.042528736,1.125,0.79245283
1.551032008,0.984230056,0.963821892,0.854359926,0.825602968,0.919294991,0.94619666,0.968460111,0.957328386,1.846040704,1.645974639,0.996547756,0.922413793,1.171875,0.778616352
1.557111705,0.972170686,0.936920223,0.89703154,0.846011132,0.978664193,0.956400742,0.92393321,0.935992579,1.881301037,1.667502212,0.912543153,0.879310345,1.171875,0.713207547
1.561789258,0.981447124,0.937847866,0.961038961,0.845083488,0.899814471,0.891465677,0.951762523,0.890538033,1.905533222,1.676791507,0.97698504,0.875287356,1.140625,0.832704403
1.567236859,0.93135436,0.984230056,0.963821892,0.854359926,0.94619666,0.968460111,0.957328386,0.891465677,1.925113048,1.68136243,0.914844649,0.856321839,1.15625,0.864150943
1.574905309,0.956400742,0.972170686,0.936920223,0.89703154,0.956400742,0.92393321,0.935992579,0.910018553,1.945746342,1.652314951,0.971806674,0.944252874,1.125,0.750943396
1.584629408,0.927643785,0.981447124,0.937847866,0.961038961,0.891465677,0.951762523,0.890538033,0.910946197,1.99949248,1.619286346,0.927502877,0.934482759,1.140625,0.750943396
1.593391506,0.919294991,0.93135436,0.984230056,0.963821892,0.968460111,0.957328386,0.891465677,0.898886827,1.995041404,1.58478325,0.984464902,0.954022989,1.140625,0.811320755
1.600230779,0.978664193,0.956400742,0.972170686,0.936920223,0.92393321,0.935992579,0.910018553,0.890538033,2.004532105,1.565319965,0.939010357,0.955172414,1.125,0.857861635
1.60463063,0.899814471,0.927643785,0.981447124,0.937847866,0.951762523,0.890538033,0.910946197,0.882189239,2.035333313,1.558537305,1.035673188,0.992528736,1.125,0.844025157
1.60814573,0.94619666,0.919294991,0.93135436,0.984230056,0.957328386,0.891465677,0.898886827,0.927643785,2.067195013,1.546741374,0.966628308,0.956321839,1.140625,0.779874214
1.61377352,0.956400742,0.978664193,0.956400742,0.972170686,0.935992579,0.910018553,0.890538033,0.929499072,2.097161276,1.523149513,0.964326812,0.982183908,1.125,0.852830189
1.620557973,0.891465677,0.899814471,0.927643785,0.981447124,0.890538033,0.910946197,0.882189239,0.927643785,2.12482718,1.498672958,0.968929804,0.986206897,1.15625,0.908176101
1.630437685,0.968460111,0.94619666,0.919294991,0.93135436,0.891465677,0.898886827,0.927643785,0.90445269,2.150975914,1.471099971,1.00287687,0.975287356,1.15625,0.963522013
1.642705355,0.92393321,0.956400742,0.978664193,0.956400742,0.910018553,0.890538033,0.929499072,0.850649351,2.182751951,1.451636685,0.964326812,1.03908046,1.109375,0.913207547
1.652763246,0.951762523,0.891465677,0.899814471,0.927643785,0.910946197,0.882189239,0.927643785,0.832096475,2.224740291,1.431436155,1.055235903,1.101149425,1.109375,0.852830189
1.661158274,0.957328386,0.968460111,0.94619666,0.919294991,0.898886827,0.927643785,0.90445269,0.795918367,2.244364087,1.413889708,0.97698504,1.001724138,1.109375,0.823899371
1.669880995,0.935992579,0.92393321,0.956400742,0.978664193,0.890538033,0.929499072,0.850649351,0.832096475,2.267962308,1.406517252,1.117376295,0.972413793,1.09375,0.922012579
1.679291754,0.890538033,0.951762523,0.891465677,0.899814471,0.882189239,0.927643785,0.832096475,0.864564007,2.318410968,1.391919788,1.134637514,1.031034483,1.09375,0.906918239
1.687894457,0.891465677,0.957328386,0.968460111,0.94619666,0.927643785,0.90445269,0.795918367,0.792207792,2.306241184,1.386906517,1.063291139,1.061494253,1.046875,0.922012579
1.697102693,0.910018553,0.935992579,0.92393321,0.956400742,0.929499072,0.850649351,0.832096475,0.851576994,2.300310265,1.374963138,1.079401611,1.015517241,1.125,0.91572327
1.706296844,0.910946197,0.890538033,0.951762523,0.891465677,0.927643785,0.832096475,0.864564007,0.888682746,2.304076913,1.35417281,1.112197929,1.022988506,1.125,1.106918239
1.716347202,0.898886827,0.891465677,0.957328386,0.968460111,0.90445269,0.795918367,0.792207792,0.903525046,2.332812801,1.329696255,1.066743383,1.067816092,1.109375,1.077987421
1.729618191,0.890538033,0.910018553,0.935992579,0.92393321,0.850649351,0.832096475,0.851576994,0.955473098,2.361474457,1.305662047,1.062715765,1.032758621,1.125,0.99245283
1.74274422,0.882189239,0.910946197,0.890538033,0.951762523,0.832096475,0.864564007,0.888682746,0.947124304,2.384165361,1.282070186,1.025316456,1.028735632,1.125,0.91572327
1.755704686,0.927643785,0.898886827,0.891465677,0.957328386,0.795918367,0.792207792,0.903525046,0.981447124,2.405874601,1.260837511,1.039700806,1.022988506,1.09375,0.877987421
1.765137886,0.929499072,0.890538033,0.910018553,0.935992579,0.832096475,0.851576994,0.955473098,1.02690167,2.432090961,1.238572692,0.970655926,0.991954023,1.078125,0.781132075
1.771316548,0.927643785,0.882189239,0.910946197,0.890538033,0.864564007,0.888682746,0.947124304,1.073283859,2.467690185,1.205986435,0.967203682,0.968965517,1.09375,0.959748428
1.782129837,0.90445269,0.927643785,0.898886827,0.891465677,0.792207792,0.903525046,0.981447124,1.067717996,2.493692769,1.184458862,0.933831991,0.962643678,1.09375,0.841509434
1.797096303,0.850649351,0.929499072,0.890538033,0.910018553,0.851576994,0.955473098,1.02690167,0.935064935,2.494307823,1.163521085,1.054660529,0.944827586,1.078125,0.889308176
1.810412632,0.832096475,0.927643785,0.882189239,0.910946197,0.888682746,0.947124304,1.073283859,0.999072356,2.530217043,1.147301681,1.020713464,1.093678161,1.03125,0.986163522
1.821585012,0.795918367,0.90445269,0.927643785,0.898886827,0.903525046,0.981447124,1.067717996,1.019480519,2.488346869,1.141551165,1.026467204,0.971264368,1.03125,0.891823899
1.832339223,0.832096475,0.850649351,0.929499072,0.890538033,0.955473098,1.02690167,0.935064935,1.065862709,2.460816977,1.129607785,0.993095512,0.970689655,1.03125,0.920754717
1.843227805,0.864564007,0.832096475,0.927643785,0.882189239,0.947124304,1.073283859,0.999072356,1.045454545,2.446536537,1.120023592,0.928653625,0.979310345,1.03125,0.896855346
1.853958083,0.792207792,0.795918367,0.90445269,0.927643785,0.981447124,1.067717996,1.019480519,1.073283859,2.472343912,1.123267473,0.936708861,0.920114943,0.984375,0.924528302
1.864002102,0.851576994,0.832096475,0.850649351,0.929499072,1.02690167,0.935064935,1.065862709,1.115027829,2.484793846,1.122530227,0.917146145,0.862068966,0.984375,0.818867925
1.874032793,0.888682746,0.864564007,0.832096475,0.927643785,1.073283859,0.999072356,1.045454545,1.073283859,2.50727496,1.12208788,0.906214039,0.874712644,0.96875,0.801257862
1.884340221,0.903525046,0.792207792,0.795918367,0.90445269,1.067717996,1.019480519,1.073283859,1.052875696,2.527761002,1.124594515,0.923475259,0.871264368,0.953125,0.827672956
1.893777075,0.955473098,0.851576994,0.832096475,0.850649351,0.935064935,1.065862709,1.115027829,1.11038961,2.558256239,1.125626659,0.975258918,0.868390805,0.9375,0.826415094
1.902859117,0.947124304,0.888682746,0.864564007,0.832096475,0.999072356,1.045454545,1.073283859,1.02690167,2.580650134,1.134915954,0.8716916,0.870114943,0.921875,0.837735849
1.912186514,0.981447124,0.903525046,0.792207792,0.795918367,1.019480519,1.073283859,1.052875696,1.084415584,2.596116029,1.154526688,0.952819333,0.831609195,0.9375,0.817610063
1.921957848,1.02690167,0.955473098,0.851576994,0.832096475,1.065862709,1.115027829,1.11038961,1.047309833,2.611713911,1.153052197,0.80552359,0.837356322,0.90625,0.786163522
1.931805486,1.073283859,0.947124304,0.888682746,0.864564007,1.045454545,1.073283859,1.02690167,1.107606679,2.652806439,1.152167502,0.731300345,0.772988506,0.890625,0.748427673
1.941422914,1.067717996,0.981447124,0.903525046,0.792207792,1.073283859,1.052875696,1.084415584,1.074211503,2.639876362,1.155116485,0.847525892,0.714942529,0.890625,0.735849057
1.951830569,0.935064935,1.02690167,0.955473098,0.851576994,1.115027829,1.11038961,1.047309833,1.119666048,2.629531161,1.149808316,0.881472957,0.826436782,0.890625,0.833962264
1.962624619,0.999072356,1.073283859,0.947124304,0.888682746,1.073283859,1.02690167,1.107606679,1.089053803,2.634170269,1.14066647,0.905063291,0.876436782,0.890625,0.841509434
1.974165694,1.019480519,1.067717996,0.981447124,0.903525046,1.052875696,1.084415584,1.074211503,1.081632653,2.660347671,1.138307284,0.817606444,0.821264368,0.84375,0.879245283
1.986894331,1.065862709,0.935064935,1.02690167,0.955473098,1.11038961,1.047309833,1.119666048,1.082560297,2.678580969,1.140961368,0.850402762,0.829885057,0.875,0.860377358
1.997722168,1.045454545,0.999072356,1.073283859,0.947124304,1.02690167,1.107606679,1.089053803,1.087198516,2.696427532,1.148038927,0.844073648,0.853448276,0.84375,0.901886792
2.007952451,1.073283859,1.019480519,1.067717996,0.981447124,1.084415584,1.074211503,1.081632653,1.116883117,2.710015533,1.181067532,0.859033372,0.827011494,0.84375,0.85408805
2.018067745,1.115027829,1.065862709,0.935064935,1.02690167,1.047309833,1.119666048,1.082560297,1.070500928,2.745045761,1.174432321,0.858457998,0.83908046,0.875,0.865408805
2.028554791,1.073283859,1.045454545,0.999072356,1.073283859,1.107606679,1.089053803,1.087198516,1.078849722,2.756079984,1.192716013,0.875719217,0.825287356,0.84375,0.88427673
2.041113183,1.052875696,1.073283859,1.019480519,1.067717996,1.074211503,1.081632653,1.116883117,1.085343228,2.764800633,1.205249189,0.902761795,0.871264368,0.84375,0.903144654
2.055450143,1.11038961,1.115027829,1.065862709,0.935064935,1.119666048,1.082560297,1.070500928,1.067717996,2.782004082,1.200678266,0.899309551,0.866666667,0.828125,0.789937107
2.069856095,1.02690167,1.073283859,1.045454545,0.999072356,1.089053803,1.087198516,1.078849722,1.048237477,2.829623749,1.238425243,0.932681243,0.862643678,0.828125,0.827672956
2.08214913,1.084415584,1.052875696,1.073283859,1.019480519,1.081632653,1.116883117,1.085343228,0.987940631,2.859251881,1.256708935,0.81990794,0.842528736,0.84375,0.904402516
2.094088432,1.047309833,1.11038961,1.115027829,1.065862709,1.082560297,1.070500928,1.067717996,0.989795918,2.846693122,1.27455028,0.818181818,0.794827586,0.8125,0.782389937
2.106028099,1.107606679,1.02690167,1.073283859,1.045454545,1.087198516,1.078849722,1.048237477,1.025974026,2.859949674,1.297257446,0.770425777,0.697701149,0.78125,0.713207547
2.118004281,1.074211503,1.084415584,1.052875696,1.073283859,1.116883117,1.085343228,0.987940631,0.995361781,2.883050893,1.312002359,0.765822785,0.790804598,0.8125,0.764779874
2.130149756,1.119666048,1.047309833,1.11038961,1.115027829,1.070500928,1.067717996,0.989795918,0.995361781,2.90130424,1.319964612,0.803797468,0.793678161,0.8125,0.825157233
2.140522457,1.089053803,1.107606679,1.02690167,1.073283859,1.078849722,1.048237477,1.025974026,0.949907236,2.922313256,1.316130935,0.821058688,0.759770115,0.828125,0.80754717
2.153352573,1.081632653,1.074211503,1.084415584,1.052875696,1.085343228,0.987940631,0.995361781,0.943413729,2.935902206,1.306546741,0.766398159,0.737356322,0.8125,0.919496855
2.167364291,1.082560297,1.119666048,1.047309833,1.11038961,1.067717996,0.989795918,0.995361781,0.785714286,2.962462052,1.294013565,0.735903337,0.766666667,0.8125,0.87672956
2.178513495,1.087198516,1.089053803,1.107606679,1.02690167,1.048237477,1.025974026,0.949907236,0.79406308,2.977712955,1.284871719,0.735903337,0.755172414,0.828125,0.803773585
2.189227234,1.116883117,1.081632653,1.074211503,1.084415584,0.987940631,0.995361781,0.943413729,0.580705009,2.988496835,1.272191094,0.81127733,0.784482759,0.828125,0.811320755
2.200733056,1.070500928,1.082560297,1.119666048,1.047309833,0.989795918,0.995361781,0.785714286,0.572356215,3.011731067,1.261427308,0.777330265,0.772413793,0.84375,0.860377358
2.212716297,1.078849722,1.087198516,1.089053803,1.107606679,1.025974026,0.949907236,0.79406308,0.567717996,3.072936647,1.255676792,0.719792865,0.817241379,0.84375,0.79245283
2.21997299,1.085343228,1.116883117,1.081632653,1.074211503,0.995361781,0.943413729,0.580705009,0.511131725,3.04847113,1.261722206,0.892405063,1.004597701,0.84375,0.779874214
2.224015024,1.067717996,1.070500928,1.082560297,1.119666048,0.995361781,0.785714286,0.572356215,0.551020408,3.023802961,1.261427308,0.826812428,0.763793103,0.828125,0.743396226
2.227963916,1.048237477,1.078849722,1.087198516,1.089053803,0.949907236,0.79406308,0.567717996,0.752319109,3.008518833,1.253317605,0.741657077,0.716091954,0.8125,0.722012579
2.231947567,0.987940631,1.085343228,1.116883117,1.081632653,0.943413729,0.580705009,0.511131725,0.736549165,3.012218614,1.25258036,0.718066743,0.652873563,0.84375,0.681761006
2.236351503,0.989795918,1.067717996,1.070500928,1.082560297,0.785714286,0.572356215,0.551020408,0.708719852,3.014980094,1.2542023,0.69735328,0.613218391,0.84375,0.671698113
2.239058839,1.025974026,1.048237477,1.078849722,1.087198516,0.79406308,0.567717996,0.752319109,0.723562152,3.032789901,1.254644648,0.67721519,0.636781609,0.8125,0.685534591
2.242044531,0.995361781,0.987940631,1.085343228,1.116883117,0.580705009,0.511131725,0.736549165,0.720779221,3.049174694,1.252138012,0.673762946,0.61954023,0.859375,0.681761006
2.243493385,0.995361781,0.989795918,1.067717996,1.070500928,0.572356215,0.551020408,0.708719852,0.70593692,3.073867506,1.244323208,0.641542002,0.614367816,0.890625,0.664150943
2.241114952,0.949907236,1.025974026,1.048237477,1.078849722,0.567717996,0.752319109,0.723562152,0.676252319,3.0843925,1.239752285,0.638665132,0.56091954,0.921875,0.623899371
2.236711428,0.943413729,0.995361781,0.987940631,1.085343228,0.511131725,0.736549165,0.720779221,0.557513915,3.089345096,1.242701268,0.583429229,0.531609195,0.921875,0.58490566
2.233189483,0.785714286,0.995361781,0.989795918,1.067717996,0.551020408,0.708719852,0.70593692,0.488868275,3.100107523,1.216750221,0.658803222,0.540804598,0.96875,0.620125786
2.233073292,0.79406308,0.949907236,1.025974026,1.048237477,0.752319109,0.723562152,0.676252319,0.487012987,3.13029565,1.205838986,0.557537399,0.494827586,0.984375,0.583647799
2.234167414,0.580705009,0.943413729,0.995361781,0.987940631,0.736549165,0.720779221,0.557513915,0.46567718,3.086065085,1.184901209,0.459148446,0.451724138,1,0.504402516
2.234455983,0.572356215,0.785714286,0.995361781,0.989795918,0.708719852,0.70593692,0.488868275,0.43877551,3.057442615,1.163668534,0.555235903,0.490229885,1.03125,0.606289308
2.235490481,0.567717996,0.79406308,0.949907236,1.025974026,0.723562152,0.676252319,0.487012987,0.524118738,3.046060768,1.148923621,0.529919448,0.523563218,1.0625,0.637735849
2.236013476,0.511131725,0.580705009,0.943413729,0.995361781,0.720779221,0.557513915,0.46567718,0.603896104,3.045971688,1.129755234,0.575949367,0.526436782,1.046875,0.638993711
2.23745077,0.551020408,0.572356215,0.785714286,0.995361781,0.70593692,0.488868275,0.43877551,0.666975881,3.04389437,1.106900619,0.573072497,0.56954023,1.078125,0.650314465
2.237128482,0.752319109,0.567717996,0.79406308,0.949907236,0.676252319,0.487012987,0.524118738,0.673469388,3.04263958,1.095694485,0.596087457,0.554022989,1.078125,0.649056604
2.236488397,0.736549165,0.511131725,0.580705009,0.943413729,0.557513915,0.46567718,0.603896104,0.567717996,3.035513258,1.083161309,0.611622555,0.559195402,1.0625,0.642767296
2.234968932,0.708719852,0.551020408,0.572356215,0.785714286,0.488868275,0.43877551,0.666975881,0.547309833,3.045735888,1.069595989,0.603567319,0.542528736,1.078125,0.66163522
2.236051433,0.723562152,0.752319109,0.567717996,0.79406308,0.487012987,0.524118738,0.673469388,0.531539889,3.047173319,1.055735771,0.584004603,0.559770115,1.078125,0.612578616
2.242577099,0.720779221,0.736549165,0.511131725,0.580705009,0.46567718,0.603896104,0.567717996,0.506493506,3.035595503,1.040253613,0.620828539,0.56954023,1.09375,0.659119497
2.250781233,0.70593692,0.708719852,0.551020408,0.572356215,0.43877551,0.666975881,0.547309833,0.608534323,3.0420325,1.024624005,0.634637514,0.565517241,1.09375,0.72327044
2.257378785,0.676252319,0.723562152,0.752319109,0.567717996,0.524118738,0.673469388,0.531539889,0.724489796,3.096843193,0.999115305,0.620828539,0.609770115,1.140625,0.701886792
2.264622437,0.557513915,0.720779221,0.736549165,0.511131725,0.603896104,0.567717996,0.506493506,0.711502783,3.059856243,1.016514303,0.667433832,0.618965517,1.140625,0.850314465
2.272091089,0.488868275,0.70593692,0.708719852,0.551020408,0.666975881,0.547309833,0.608534323,0.635435993,3.029227613,0.948982601,0.719217491,0.65862069,1.15625,0.803773585
2.274278847,0.487012987,0.676252319,0.723562152,0.752319109,0.673469388,0.531539889,0.724489796,0.586270872,3.012441238,0.932468298,0.746260069,0.62183908,1.15625,0.696855346
2.270773573,0.46567718,0.557513915,0.720779221,0.736549165,0.567717996,0.506493506,0.711502783,0.627087199,3.006996804,0.913742259,0.632336018,0.605747126,1.15625,0.686792453
2.266766433,0.43877551,0.488868275,0.70593692,0.708719852,0.547309833,0.608534323,0.635435993,0.574211503,3.004390777,0.898112651,0.698504028,0.606896552,1.1875,0.696855346
2.262585514,0.524118738,0.487012987,0.676252319,0.723562152,0.531539889,0.724489796,0.586270872,0.543599258,3.008564399,0.885579475,0.658803222,0.607471264,1.21875,0.749685535
2.265005818,0.603896104,0.46567718,0.557513915,0.720779221,0.506493506,0.711502783,0.627087199,0.549165121,3.010903451,0.864199351,0.655350978,0.625862069,1.203125,0.788679245
2.272220017,0.666975881,0.43877551,0.488868275,0.70593692,0.608534323,0.635435993,0.574211503,0.550092764,3.035341629,0.846210557,0.705408516,0.617816092,1.1875,0.8
2.277570591,0.673469388,0.524118738,0.487012987,0.676252319,0.724489796,0.586270872,0.543599258,0.591836735,3.045020363,0.827337069,0.682393556,0.640229885,1.1875,0.817610063
2.282226619,0.567717996,0.603896104,0.46567718,0.557513915,0.711502783,0.627087199,0.549165121,0.56122449,3.040604676,0.813034503,0.715765247,0.650574713,1.140625,0.781132075
2.287404197,0.547309833,0.666975881,0.43877551,0.488868275,0.635435993,0.574211503,0.550092764,0.666975881,3.059824916,0.798142141,0.698504028,0.642528736,1.15625,0.772327044
2.284647804,0.531539889,0.673469388,0.524118738,0.487012987,0.586270872,0.543599258,0.591836735,0.74025974,3.131730954,0.793866116,0.70598389,0.675862069,1.15625,0.817610063
2.277356317,0.506493506,0.567717996,0.603896104,0.46567718,0.627087199,0.549165121,0.56122449,0.766233766,3.100003824,0.792686523,0.696202532,0.676436782,1.140625,0.749685535
2.275034282,0.608534323,0.547309833,0.666975881,0.43877551,0.574211503,0.550092764,0.666975881,0.741187384,3.082116594,0.781922737,0.696202532,0.659770115,1.109375,0.759748428
2.277511431,0.724489796,0.531539889,0.673469388,0.524118738,0.543599258,0.591836735,0.74025974,0.804267161,3.065255112,0.769979357,0.623130035,0.606896552,1.09375,0.757232704
2.281575474,0.711502783,0.506493506,0.567717996,0.603896104,0.549165121,0.56122449,0.766233766,0.854359926,3.089175935,0.763344146,0.723820483,0.634482759,1.109375,0.881761006
2.286790666,0.635435993,0.608534323,0.547309833,0.666975881,0.550092764,0.666975881,0.741187384,0.824675325,3.086747614,0.754792097,0.724971231,0.63908046,1.109375,0.787421384
2.289495368,0.586270872,0.724489796,0.531539889,0.673469388,0.591836735,0.74025974,0.804267161,0.858070501,3.10854206,0.746682395,0.736478711,0.649425287,1.09375,0.821383648
2.290830671,0.627087199,0.711502783,0.506493506,0.567717996,0.56122449,0.766233766,0.854359926,0.846938776,3.128746129,0.746092598,0.721518987,0.674712644,1.078125,0.823899371
2.293836523,0.574211503,0.635435993,0.608534323,0.547309833,0.666975881,0.741187384,0.824675325,0.838589981,3.165687856,0.735771159,0.747986191,0.706896552,1.0625,0.811320755
2.295467727,0.543599258,0.586270872,0.724489796,0.531539889,0.74025974,0.804267161,0.858070501,0.830241187,3.19969526,0.73223238,0.772727273,0.718965517,1.046875,0.913207547
2.296340262,0.549165121,0.627087199,0.711502783,0.506493506,0.766233766,0.854359926,0.846938776,0.826530612,3.225265278,0.733264524,0.800920598,0.739655172,1.0625,0.885534591
2.299525274,0.550092764,0.574211503,0.635435993,0.608534323,0.741187384,0.824675325,0.838589981,0.93135436,3.266113804,0.722353288,0.791714614,0.779885057,1.03125,0.967295597
2.30327088,0.591836735,0.543599258,0.586270872,0.724489796,0.804267161,0.858070501,0.830241187,0.959183673,3.364872938,0.721321144,0.882048331,0.839655172,1.015625,1.021383648
2.306657066,0.56122449,0.549165121,0.627087199,0.711502783,0.854359926,0.846938776,0.826530612,0.940630798,3.339277441,0.719994102,0.731875719,0.798850575,1.03125,0.778616352
2.310990114,0.666975881,0.550092764,0.574211503,0.635435993,0.824675325,0.838589981,0.93135436,0.922077922,3.330599547,0.718372162,0.769275029,0.729310345,1.03125,0.862893082
2.316982081,0.74025974,0.591836735,0.543599258,0.586270872,0.858070501,0.830241187,0.959183673,0.929499072,3.356166186,0.726629313,0.899884925,0.771264368,1.015625,0.939622642
2.324735801,0.766233766,0.56122449,0.549165121,0.627087199,0.846938776,0.826530612,0.940630798,0.970315399,3.394679229,0.738277794,0.8429229,0.8,1,0.870440252
2.332966735,0.741187384,0.666975881,0.550092764,0.574211503,0.838589981,0.93135436,0.922077922,0.94619666,3.437068163,0.751990563,0.878020713,0.802298851,0.953125,0.86918239
2.339352761,0.804267161,0.74025974,0.591836735,0.543599258,0.830241187,0.959183673,0.929499072,0.87755102,3.487940769,0.772338543,0.810701956,0.779885057,0.953125,0.781132075
2.344213945,0.854359926,0.766233766,0.56122449,0.549165121,0.826530612,0.940630798,0.970315399,0.940630798,3.512709257,0.789295193,0.827963176,0.767241379,0.953125,0.789937107
2.347436322,0.824675325,0.741187384,0.666975881,0.550092764,0.93135436,0.922077922,0.94619666,0.949907236,3.5859933,0.803007962,0.83429229,0.79137931,0.9375,0.825157233
2.349234075,0.858070501,0.804267161,0.74025974,0.591836735,0.959183673,0.929499072,0.87755102,0.902597403,3.645038216,0.820112061,0.848101266,0.811494253,0.921875,0.851572327
2.353355837,0.846938776,0.854359926,0.766233766,0.56122449,0.940630798,0.970315399,0.940630798,0.893320965,3.687049908,0.836921262,0.83429229,0.802873563,0.90625,0.899371069
2.358214229,0.838589981,0.824675325,0.741187384,0.666975881,0.922077922,0.94619666,0.949907236,0.942486085,3.743382062,0.854762607,0.869390104,0.770114943,0.875,0.812578616
2.362805419,0.830241187,0.858070501,0.804267161,0.74025974,0.929499072,0.87755102,0.902597403,0.920222635,3.877479521,0.880418756,0.83716916,0.802298851,0.859375,0.791194969
2.367544457,0.826530612,0.846938776,0.854359926,0.766233766,0.970315399,0.940630798,0.893320965,0.820037106,3.866801732,0.903715718,0.809551208,0.736781609,0.875,0.787421384
2.37122619,0.93135436,0.838589981,0.824675325,0.741187384,0.94619666,0.949907236,0.942486085,0.909090909,3.850615679,0.921557063,0.757192175,0.720689655,0.84375,0.703144654
2.370587368,0.959183673,0.830241187,0.858070501,0.804267161,0.87755102,0.902597403,0.920222635,0.912801484,3.890304191,0.934237688,0.718642117,0.704597701,0.84375,0.774842767
2.368190517,0.940630798,0.826530612,0.846938776,0.854359926,0.940630798,0.893320965,0.820037106,0.972170686,3.931340977,0.94072545,0.728998849,0.723563218,0.90625,0.781132075
2.367007884,0.922077922,0.93135436,0.838589981,0.824675325,0.949907236,0.942486085,0.909090909,0.960111317,3.980640178,0.941757594,0.756041427,0.73045977,0.875,0.847798742
2.36718113,0.929499072,0.959183673,0.830241187,0.858070501,0.902597403,0.920222635,0.912801484,0.928571429,4.036797703,0.936596874,0.737054085,0.75,0.875,0.911949686
2.371191674,0.970315399,0.940630798,0.826530612,0.846938776,0.893320965,0.820037106,0.972170686,0.99257885,4.067817737,0.93055146,0.840621404,0.77816092,0.890625,0.962264151
2.378411744,0.94619666,0.922077922,0.93135436,0.838589981,0.942486085,0.909090909,0.960111317,1.038961039,4.137160808,0.924800944,0.814729574,0.796551724,0.890625,0.881761006
2.38117515,0.87755102,0.929499072,0.959183673,0.830241187,0.920222635,0.912801484,0.928571429,1.037105751,4.213258086,0.922146859,0.787686997,0.816666667,0.875,0.852830189
2.384095439,0.940630798,0.970315399,0.940630798,0.826530612,0.820037106,0.972170686,0.99257885,0.995361781,4.240815317,0.917870835,0.787686997,0.804597701,0.859375,0.875471698
2.388146323,0.949907236,0.94619666,0.922077922,0.93135436,0.909090909,0.960111317,1.038961039,1.015769944,4.319156833,0.910793276,0.835443038,0.82183908,0.875,0.835220126
2.393073186,0.902597403,0.87755102,0.929499072,0.959183673,0.912801484,0.928571429,1.037105751,1.059369202,4.435620404,0.907107048,0.823360184,0.828735632,0.875,0.891823899
2.398807356,0.893320965,0.940630798,0.970315399,0.940630798,0.972170686,0.99257885,0.995361781,1.101113173,4.398351747,0.897080507,0.844073648,0.797126437,0.875,0.898113208
2.404592234,0.942486085,0.949907236,0.94619666,0.922077922,0.960111317,1.038961039,1.015769944,1.10296846,4.392622112,0.882925391,0.857882624,0.816091954,0.859375,0.967295597
2.411263568,0.920222635,0.902597403,0.87755102,0.929499072,0.928571429,1.037105751,1.059369202,1.099257885,4.413018694,0.878354468,0.819332566,0.825862069,0.859375,0.906918239
2.418947505,0.820037106,0.893320965,0.940630798,0.970315399,0.99257885,0.995361781,1.101113173,1.083487941,4.455334306,0.874225892,0.872266974,0.840804598,0.875,0.925786164
2.425218626,0.909090909,0.942486085,0.949907236,0.94619666,1.038961039,1.015769944,1.10296846,1.17903525,4.491974391,0.87289885,0.865362486,0.837356322,0.875,0.93836478
2.43212254,0.912801484,0.920222635,0.902597403,0.87755102,1.037105751,1.059369202,1.099257885,1.205009276,4.54353188,0.875110587,0.844073648,0.821264368,0.828125,0.906918239
2.437615052,0.972170686,0.820037106,0.893320965,0.940630798,0.995361781,1.101113173,1.083487941,1.1716141,4.587727816,0.877469773,0.846950518,0.833333333,0.859375,0.968553459
2.441135606,0.960111317,0.909090909,0.942486085,0.949907236,1.015769944,1.10296846,1.17903525,1.183673469,4.644190438,0.88130345,0.895857307,0.812068966,0.796875,1.038993711
2.444691282,0.928571429,0.912801484,0.920222635,0.902597403,1.059369202,1.099257885,1.205009276,1.207792208,4.669851662,0.883367738,0.84867664,0.8,0.8125,0.968553459
2.449384323,0.99257885,0.972170686,0.820037106,0.893320965,1.101113173,1.083487941,1.1716141,1.14471243,4.689841005,0.88130345,0.800920598,0.78045977,0.8125,0.905660377
2.453650157,1.038961039,0.960111317,0.909090909,0.942486085,1.10296846,1.17903525,1.183673469,1.188311688,4.734810487,0.880271306,0.856731876,0.811494253,0.84375,0.969811321
2.458755443,1.037105751,0.928571429,0.912801484,0.920222635,1.099257885,1.205009276,1.207792208,1.263450835,4.837042829,0.875847832,0.788262371,0.81091954,0.84375,1.012578616
2.464953921,0.995361781,0.99257885,0.972170686,0.820037106,1.083487941,1.1716141,1.14471243,1.190166976,4.800334282,0.874078443,0.779631761,0.794252874,0.828125,1.044025157
2.471522097,1.015769944,1.038961039,0.960111317,0.909090909,1.17903525,1.183673469,1.188311688,1.27458256,4.771588027,0.874963138,0.855005754,0.83045977,0.8125,1.00754717
2.47908857,1.059369202,1.037105751,0.928571429,0.912801484,1.205009276,1.207792208,1.263450835,1.241187384,4.762230566,0.87629018,0.838319908,0.825287356,0.8125,1.045283019
2.487334162,1.101113173,0.995361781,0.99257885,0.972170686,1.1716141,1.14471243,1.190166976,1.272727273,4.803992029,0.878796815,0.858457998,0.816666667,0.796875,0.935849057
2.492963162,1.10296846,1.015769944,1.038961039,0.960111317,1.183673469,1.188311688,1.27458256,1.264378479,4.824560278,0.882630492,0.829689298,0.812643678,0.765625,0.955974843
2.49720094,1.099257885,1.059369202,1.037105751,0.928571429,1.207792208,1.263450835,1.241187384,1.282003711,4.852837515,0.882335594,0.859608746,0.805747126,0.78125,0.997484277
2.502274603,1.083487941,1.101113173,0.995361781,0.99257885,1.14471243,1.190166976,1.272727273,1.272727273,4.877272693,0.880713654,0.826812428,0.827586207,0.765625,1.012578616
2.509340423,1.17903525,1.10296846,1.015769944,1.038961039,1.188311688,1.27458256,1.264378479,1.234693878,4.926772989,0.880418756,0.79976985,0.832758621,0.75,1.025157233
2.518002913,1.205009276,1.099257885,1.059369202,1.037105751,1.263450835,1.241187384,1.282003711,1.172541744,4.958272521,0.879239162,0.889528193,0.85862069,0.765625,1.056603774
2.528123968,1.1716141,1.083487941,1.101113173,0.995361781,1.190166976,1.272727273,1.272727273,1.106679035,4.987140093,0.875995282,0.87456847,0.861494253,0.734375,1.006289308
2.538984624,1.183673469,1.17903525,1.10296846,1.015769944,1.27458256,1.264378479,1.234693878,1.172541744,5.003412606,0.873488646,0.86881473,0.844252874,0.71875,1.086792453
2.54919744,1.207792208,1.205009276,1.099257885,1.059369202,1.241187384,1.282003711,1.172541744,1.175324675,5.103929077,0.874373341,0.901035673,0.836781609,0.734375,0.997484277
2.558874842,1.14471243,1.1716141,1.083487941,1.101113173,1.272727273,1.272727273,1.106679035,1.195732839,5.047851291,0.875405485,0.877445339,0.893678161,0.71875,1.096855346
2.571177145,1.188311688,1.183673469,1.17903525,1.10296846,1.264378479,1.234693878,1.172541744,1.234693878,5.017993777,0.871571808,0.890678941,0.946551724,0.71875,1.089308176
2.584595532,1.263450835,1.207792208,1.205009276,1.099257885,1.282003711,1.172541744,1.175324675,1.243042672,5.027523095,0.869212622,0.901611047,0.922413793,0.734375,1.051572327
2.598535028,1.190166976,1.14471243,1.1716141,1.083487941,1.272727273,1.106679035,1.195732839,1.256957328,5.130083316,0.865673843,0.886075949,0.88908046,0.671875,1.089308176
2.612290094,1.27458256,1.188311688,1.183673469,1.17903525,1.234693878,1.172541744,1.234693878,1.277365492,5.138673118,0.863314656,0.883774453,0.893103448,0.6875,1.11572327
2.625403517,1.241187384,1.263450835,1.207792208,1.205009276,1.172541744,1.175324675,1.243042672,1.289424861,5.193461787,0.860808021,0.944188723,0.89137931,0.703125,1.161006289
2.638671211,1.272727273,1.190166976,1.14471243,1.1716141,1.106679035,1.195732839,1.256957328,1.263450835,5.21737513,0.859186081,0.97698504,0.925287356,0.703125,1.101886792
2.651266142,1.264378479,1.27458256,1.188311688,1.183673469,1.172541744,1.234693878,1.277365492,1.261595547,5.274034708,0.856531996,0.928653625,0.950574713,0.703125,1.064150943
2.663656493,1.282003711,1.241187384,1.263450835,1.207792208,1.175324675,1.243042672,1.289424861,1.244897959,5.318665526,0.850486582,0.910241657,0.906321839,0.71875,1.086792453
2.677208322,1.272727273,1.272727273,1.190166976,1.14471243,1.195732839,1.256957328,1.263450835,1.210575139,5.348371991,0.835889118,0.986766398,0.987931034,0.703125,1.12327044
2.691669311,1.234693878,1.264378479,1.27458256,1.188311688,1.234693878,1.277365492,1.261595547,1.270871985,5.371546456,0.822618697,0.955120829,0.96091954,0.6875,1.251572327
2.706529767,1.172541744,1.282003711,1.241187384,1.263450835,1.243042672,1.289424861,1.244897959,1.314471243,5.472653224,0.814214096,1.031070196,1.001149425,0.6875,1.193710692
2.722608081,1.106679035,1.272727273,1.272727273,1.190166976,1.256957328,1.263450835,1.210575139,1.342300557,5.475148223,0.811707461,1.00575374,0.995402299,0.671875,1.100628931
2.737356038,1.172541744,1.234693878,1.264378479,1.27458256,1.277365492,1.261595547,1.270871985,1.306122449,5.468415014,0.804629903,0.960874568,0.988505747,0.6875,1.066666667
2.751133623,1.175324675,1.172541744,1.282003711,1.241187384,1.289424861,1.244897959,1.314471243,1.271799629,5.476931113,0.802565615,0.983889528,0.956896552,0.65625,1.085534591
2.765808792,1.195732839,1.106679035,1.272727273,1.272727273,1.263450835,1.210575139,1.342300557,1.277365492,5.501277364,0.79828959,0.893555811,0.91954023,0.671875,1.154716981
2.782234996,1.234693878,1.172541744,1.234693878,1.264378479,1.261595547,1.270871985,1.306122449,1.342300557,5.543535867,0.795635506,0.926927503,0.942528736,0.65625,1.116981132
2.800621244,1.243042672,1.175324675,1.172541744,1.282003711,1.244897959,1.314471243,1.271799629,1.291280148,5.58774103,0.796962548,0.897008055,0.97816092,0.671875,1.161006289
2.819423857,1.256957328,1.195732839,1.106679035,1.272727273,1.210575139,1.342300557,1.277365492,1.326530612,5.634053242,0.799469183,0.960299194,0.966666667,0.671875,1.132075472
2.838606109,1.277365492,1.234693878,1.172541744,1.234693878,1.270871985,1.306122449,1.342300557,1.306122449,5.711262425,0.803007962,0.948216341,0.960344828,0.65625,1.12327044
2.856133425,1.289424861,1.243042672,1.175324675,1.172541744,1.314471243,1.271799629,1.291280148,1.321892393,5.740815867,0.805219699,0.940736479,0.89137931,0.65625,1.038993711
2.870923676,1.263450835,1.256957328,1.195732839,1.106679035,1.342300557,1.277365492,1.326530612,1.25974026,5.769296401,0.812149808,0.925201381,0.947701149,0.640625,1.096855346
2.888051111,1.261595547,1.277365492,1.234693878,1.172541744,1.306122449,1.342300557,1.306122449,1.230055659,5.817009781,0.817900324,0.948216341,0.96091954,0.640625,1.085534591
2.916803861,1.244897959,1.289424861,1.243042672,1.175324675,1.271799629,1.291280148,1.321892393,1.192949907,5.899259273,0.827484518,0.98273878,0.967241379,0.625,1.098113208
2.941167276,1.210575139,1.263450835,1.256957328,1.195732839,1.277365492,1.326530612,1.25974026,1.073283859,5.892628548,0.836110292,0.941311853,0.992528736,0.625,1.098113208
2.956270375,1.270871985,1.261595547,1.277365492,1.234693878,1.342300557,1.306122449,1.230055659,1.012987013,5.882956345,0.848127396,0.999424626,0.972413793,0.640625,1.07672956
2.977606116,1.314471243,1.244897959,1.289424861,1.243042672,1.291280148,1.321892393,1.192949907,1.084415584,5.899802182,0.864567974,0.922899885,0.948850575,0.625,1.132075472
2.999032534,1.342300557,1.210575139,1.263450835,1.256957328,1.326530612,1.25974026,1.073283859,1.019480519,5.939449609,0.86950752,0.935558113,0.917816092,0.59375,1.057861635
3.020729499,1.306122449,1.270871985,1.261595547,1.277365492,1.306122449,1.230055659,1.012987013,1.076994434,5.987268511,0.87887054,0.906214039,0.886781609,0.625,1.077987421
3.040283596,1.271799629,1.314471243,1.244897959,1.289424861,1.321892393,1.192949907,1.084415584,1.10296846,6.0820869,0.885948098,0.897008055,0.903448276,0.625,0.997484277
3.057571023,1.277365492,1.342300557,1.210575139,1.263450835,1.25974026,1.073283859,1.019480519,1.078849722,6.149439607,0.892509584,0.841772152,0.886206897,0.625,1.11572327
3.074530589,1.342300557,1.306122449,1.270871985,1.261595547,1.230055659,1.012987013,1.076994434,1.057513915,6.264709864,0.898776172,0.886651323,0.891954023,0.640625,1.066666667
3.092492707,1.291280148,1.271799629,1.314471243,1.244897959,1.192949907,1.084415584,1.10296846,0.899814471,6.33004407,0.903052197,0.867088608,0.902298851,0.609375,1.147169811
3.114137783,1.326530612,1.277365492,1.342300557,1.210575139,1.073283859,1.019480519,1.078849722,0.791280148,6.40110905,0.909171336,0.891254315,0.906321839,0.609375,1.173584906
3.135827153,1.306122449,1.342300557,1.306122449,1.270871985,1.012987013,1.076994434,1.057513915,0.787569573,6.477719695,0.911972869,0.892405063,0.927586207,0.609375,1.106918239
3.156123242,1.321892393,1.291280148,1.271799629,1.314471243,1.084415584,1.10296846,0.899814471,0.87755102,6.611765666,0.909834857,0.881472957,0.886781609,0.609375,1.236477987
3.17659892,1.25974026,1.326530612,1.277365492,1.342300557,1.019480519,1.078849722,0.791280148,0.907235622,6.622805584,0.896122088,0.920598389,0.976436782,0.65625,1.177358491
3.198163044,1.230055659,1.306122449,1.342300557,1.306122449,1.076994434,1.057513915,0.787569573,0.881261596,6.633453034,0.872235329,0.934982739,0.951724138,0.65625,1.211320755
3.219803592,1.192949907,1.321892393,1.291280148,1.271799629,1.10296846,0.899814471,0.87755102,1.02690167,6.643879607,0.844662341,0.914844649,0.953448276,0.671875,1.181132075
3.238358135,1.073283859,1.25974026,1.326530612,1.277365492,1.078849722,0.791280148,0.907235622,1.006493506,6.705389373,0.821439104,0.948791715,0.957471264,0.6875,1.143396226
3.255091248,1.012987013,1.230055659,1.306122449,1.342300557,1.057513915,0.787569573,0.881261596,1.023191095,6.735611447,0.780079623,0.923475259,0.956896552,0.671875,1.113207547
3.271470384,1.084415584,1.192949907,1.321892393,1.291280148,0.899814471,0.87755102,1.02690167,0.986085343,6.77497394,0.754497198,0.941311853,0.934482759,0.703125,1.109433962
3.289755698,1.019480519,1.073283859,1.25974026,1.326530612,0.791280148,0.907235622,1.006493506,0.903525046,6.786312994,0.734960189,0.960874568,0.918390805,0.71875,1.106918239
3.307697199,1.076994434,1.012987013,1.230055659,1.306122449,0.787569573,0.881261596,1.023191095,0.876623377,6.85564061,0.70930404,0.901611047,0.92816092,0.765625,1.089308176
3.326279065,1.10296846,1.084415584,1.192949907,1.321892393,0.87755102,1.02690167,0.986085343,0.869202226,6.889275252,0.692273666,0.898734177,0.899425287,0.78125,1.072955975
3.344582832,1.078849722,1.019480519,1.073283859,1.25974026,0.907235622,1.006493506,0.903525046,0.738404453,6.958188264,0.66182542,0.886075949,0.9,0.828125,1.095597484
3.362362834,1.057513915,1.076994434,1.012987013,1.230055659,0.881261596,1.023191095,0.876623377,0.787569573,7.07436056,0.614862872,0.921749137,0.948850575,0.859375,1.162264151
3.383632602,0.899814471,1.10296846,1.084415584,1.192949907,1.02690167,0.986085343,0.869202226,0.748608534,7.183457035,0.590312592,0.902186421,0.965517241,0.890625,1.231446541
3.409899314,0.791280148,1.078849722,1.019480519,1.073283859,1.006493506,0.903525046,0.738404453,0.730983302,7.151760357,0.566278384,0.97698504,0.956896552,0.890625,1.106918239
3.436926904,0.787569573,1.057513915,1.076994434,1.012987013,1.023191095,0.876623377,0.787569573,0.601113173,7.139835486,0.543571218,1.052359033,1.027011494,0.890625,1.19245283
3.463266644,0.87755102,0.899814471,1.10296846,1.084415584,0.986085343,0.869202226,0.748608534,0.569573284,7.151900963,0.537525804,0.944764097,0.97183908,0.890625,1.161006289
3.48940848,0.907235622,0.791280148,1.078849722,1.019480519,0.903525046,0.738404453,0.730983302,0.751391466,7.198126754,0.528162784,0.915995397,0.959195402,0.921875,1.177358491
3.51712134,0.881261596,0.787569573,1.057513915,1.076994434,0.876623377,0.787569573,0.601113173,0.775510204,7.239067815,0.519831908,1.014959724,0.986206897,0.90625,1.230188679
3.544167202,1.02690167,0.87755102,0.899814471,1.10296846,0.869202226,0.748608534,0.569573284,0.77458256,7.281487391,0.517546446,0.987917146,1.010344828,0.90625,1.203773585
3.573913754,1.006493506,0.907235622,0.791280148,1.078849722,0.738404453,0.730983302,0.751391466,0.714285714,7.322218815,0.50678266,0.952243959,0.998850575,0.90625,1.202515723
3.601832116,1.023191095,0.881261596,0.787569573,1.057513915,0.787569573,0.601113173,0.775510204,0.757884972,7.392123363,0.497345916,0.939585731,0.974137931,0.890625,1.275471698
3.630432806,0.986085343,1.02690167,0.87755102,0.899814471,0.748608534,0.569573284,0.77458256,0.714285714,7.410453601,0.483338248,1.037974684,1.036206897,0.890625,1.313207547
3.661083322,0.903525046,1.006493506,0.907235622,0.791280148,0.730983302,0.751391466,0.714285714,0.757884972,7.444435563,0.473901504,0.948216341,1.033908046,0.890625,1.265408805
3.690958489,0.876623377,1.023191095,0.881261596,0.787569573,0.601113173,0.775510204,0.757884972,0.858070501,7.482700694,0.460778531,1.00863061,1.017816092,0.921875,1.288050314
3.718958765,0.869202226,0.986085343,1.02690167,0.87755102,0.569573284,0.77458256,0.714285714,0.850649351,7.582839277,0.444264229,1.0287687,1.089655172,0.9375,1.318238994
3.744341763,0.738404453,0.903525046,1.006493506,0.907235622,0.751391466,0.714285714,0.757884972,0.894248609,7.596833833,0.430404011,1.066168009,1.03908046,0.90625,1.256603774
3.767227124,0.787569573,0.876623377,1.023191095,0.881261596,0.775510204,0.757884972,0.858070501,0.82096475,7.564872156,0.417133589,0.937284235,1.065517241,0.921875,1.177358491
3.789967826,0.748608534,0.869202226,0.986085343,1.02690167,0.77458256,0.714285714,0.850649351,0.82096475,7.5528991,0.40843409,0.993095512,1.009770115,0.921875,1.256603774
3.811142175,0.730983302,0.738404453,0.903525046,1.006493506,0.714285714,0.757884972,0.894248609,0.86270872,7.610141152,0.400619286,0.945339471,1.036206897,0.9375,1.272955975
3.832055259,0.601113173,0.787569573,0.876623377,1.023191095,0.757884972,0.858070501,0.82096475,0.863636364,7.662852846,0.392657033,1.007479862,1.054597701,0.953125,1.355974843
3.853762145,0.569573284,0.748608534,0.869202226,0.986085343,0.714285714,0.850649351,0.82096475,0.953617811,7.677473506,0.378354468,1.074223245,1.077586207,0.984375,1.500628931
3.887146921,0.751391466,0.730983302,0.738404453,0.903525046,0.757884972,0.894248609,0.86270872,0.980519481,7.702622236,0.370392215,1.091484465,1.083333333,0.96875,1.46918239
3.923750407,0.775510204,0.601113173,0.787569573,0.876623377,0.858070501,0.82096475,0.863636364,0.915584416,7.780633784,0.363462106,1.054660529,1.129885057,0.953125,1.516981132
3.960777684,0.77458256,0.569573284,0.748608534,0.869202226,0.850649351,0.82096475,0.953617811,0.89703154,7.820794541,0.358301386,1.115650173,1.127011494,0.953125,1.422641509
3.994394691,0.714285714,0.751391466,0.730983302,0.738404453,0.894248609,0.86270872,0.980519481,0.861781076,7.858795621,0.355057505,1.131760644,1.156321839,0.9375,1.438993711
4.02976159,0.757884972,0.775510204,0.601113173,0.787569573,0.82096475,0.863636364,0.915584416,0.858998145,7.869365914,0.354025361,1.198504028,1.102298851,0.90625,1.374842767
4.067545076,0.714285714,0.77458256,0.569573284,0.748608534,0.82096475,0.953617811,0.89703154,0.952690167,7.985044511,0.349601887,1.183544304,1.141954023,0.890625,1.420125786
4.104649069,0.757884972,0.714285714,0.751391466,0.730983302,0.86270872,0.980519481,0.861781076,0.974953618,8.005522997,0.349896786,1.099539701,1.12183908,0.890625,1.465408805
4.142180367,0.858070501,0.757884972,0.775510204,0.601113173,0.863636364,0.915584416,0.858998145,0.968460111,7.952543304,0.344883515,1.062140391,1.129885057,0.875,1.457861635
4.179600326,0.850649351,0.714285714,0.77458256,0.569573284,0.953617811,0.89703154,0.952690167,0.955473098,7.960515127,0.339132999,1.149597238,1.187356322,0.90625,1.605031447
4.222647496,0.894248609,0.757884972,0.714285714,0.751391466,0.980519481,0.861781076,0.974953618,0.90445269,7.977720967,0.338100855,1.152474108,1.189655172,0.875,1.491823899
4.27900524,0.82096475,0.858070501,0.757884972,0.775510204,0.915584416,0.858998145,0.968460111,0.956400742,8.011173462,0.338395753,1.13981588,1.235632184,0.875,1.561006289
4.329095796,0.82096475,0.850649351,0.714285714,0.77458256,0.89703154,0.952690167,0.955473098,0.985157699,8.029119168,0.344883515,1.051783659,1.16091954,0.875,1.48427673
4.371884626,0.86270872,0.894248609,0.757884972,0.714285714,0.861781076,0.974953618,0.90445269,0.961038961,8.06681929,0.35756414,1.151898734,1.213793103,0.859375,1.368553459
4.407521388,0.863636364,0.82096475,0.858070501,0.757884972,0.858998145,0.968460111,0.956400742,0.978664193,8.142930579,0.363609555,1.164556962,1.181609195,0.84375,1.477987421
4.444454502,0.953617811,0.82096475,0.850649351,0.714285714,0.952690167,0.955473098,0.985157699,0.811688312,8.220246574,0.377174875,1.096087457,1.172988506,0.84375,1.527044025
4.484848559,0.980519481,0.86270872,0.894248609,0.757884972,0.974953618,0.90445269,0.961038961,0.790352505,8.283651815,0.388233559,1.192174914,1.205172414,0.859375,1.641509434
4.527959576,0.915584416,0.863636364,0.82096475,0.858070501,0.968460111,0.956400742,0.978664193,0.91187384,8.322171275,0.395753465,1.025316456,1.194827586,0.84375,1.483018868
4.570366918,0.89703154,0.953617811,0.82096475,0.850649351,0.955473098,0.985157699,0.811688312,0.962894249,8.430015086,0.409908582,1.174913694,1.196551724,0.84375,1.562264151
4.615400898,0.861781076,0.980519481,0.86270872,0.894248609,0.90445269,0.961038961,0.790352505,0.990723562,8.424211028,0.423031554,1.233601841,1.229310345,0.828125,1.513207547
4.660982161,0.858998145,0.915584416,0.863636364,0.82096475,0.956400742,0.978664193,0.91187384,0.952690167,8.392755998,0.436449425,1.269850403,1.214942529,0.84375,1.659119497
4.707653435,0.952690167,0.89703154,0.953617811,0.82096475,0.985157699,0.811688312,0.962894249,0.997217069,8.372509439,0.456502507,1.072497123,1.185057471,0.8125,1.670440252
4.755040998,0.974953618,0.861781076,0.980519481,0.86270872,0.961038961,0.790352505,0.990723562,1.018552876,8.423421307,0.469183132,1.1858458,1.235632184,0.8125,1.58490566
4.804732693,0.968460111,0.858998145,0.915584416,0.863636364,0.978664193,0.91187384,0.952690167,0.971243043,8.427312955,0.476703037,1.165132336,1.198275862,0.796875,1.617610063
4.84767778,0.955473098,0.952690167,0.89703154,0.953617811,0.811688312,0.962894249,0.997217069,0.980519481,8.476606233,0.488793866,1.189873418,1.251724138,0.78125,1.602515723
4.893309071,0.90445269,0.974953618,0.861781076,0.980519481,0.790352505,0.990723562,1.018552876,0.99257885,8.518348749,0.501474491,1.181818182,1.266091954,0.78125,1.747169811
4.942395655,0.956400742,0.968460111,0.858998145,0.915584416,0.91187384,0.952690167,0.971243043,0.929499072,8.619371486,0.515777057,1.205408516,1.275287356,0.765625,1.578616352
4.988354157,0.985157699,0.955473098,0.952690167,0.89703154,0.962894249,0.997217069,0.980519481,0.982374768,8.651256007,0.529194928,1.237629459,1.300574713,0.78125,1.564779874
5.026889875,0.961038961,0.90445269,0.974953618,0.861781076,0.990723562,1.018552876,0.99257885,0.974953618,8.665124234,0.543939841,1.188147296,1.247126437,0.78125,1.680503145
5.061327191,0.978664193,0.956400742,0.968460111,0.858998145,0.952690167,0.971243043,0.929499072,0.976808905,8.711429801,0.558094957,1.235327963,1.274712644,0.78125,1.527044025
5.090599918,0.811688312,0.985157699,0.955473098,0.952690167,0.997217069,0.980519481,0.982374768,1.020408163,8.811380579,0.572102625,1.147295742,1.218390805,0.765625,1.558490566
5.11661883,0.790352505,0.961038961,0.90445269,0.974953618,1.018552876,0.99257885,0.974953618,1.022263451,8.978987148,0.587879682,1.307825086,1.271264368,0.734375,1.47672956
5.13753952,0.91187384,0.978664193,0.956400742,0.968460111,0.971243043,0.929499072,0.976808905,1.031539889,8.905176029,0.603066942,1.219217491,1.23045977,0.75,1.334591195
5.153191262,0.962894249,0.811688312,0.985157699,0.955473098,0.980519481,0.982374768,1.020408163,1.003710575,8.892341715,0.622235329,1.132911392,1.217241379,0.734375,1.403773585
5.161477695,0.990723562,0.790352505,0.961038961,0.90445269,0.99257885,0.974953618,1.022263451,0.986085343,8.942190053,0.631377175,1.047756041,1.148275862,0.734375,1.412578616
5.171112521,0.952690167,0.91187384,0.978664193,0.956400742,0.929499072,0.976808905,1.031539889,1.006493506,8.987367805,0.643615453,1.117376295,1.094827586,0.71875,1.366037736
5.168160351,0.997217069,0.962894249,0.811688312,0.985157699,0.982374768,1.020408163,1.003710575,0.976808905,8.938640941,0.656590976,1.036823936,1.072988506,0.71875,1.350943396
5.157915542,1.018552876,0.990723562,0.790352505,0.961038961,0.974953618,1.022263451,0.986085343,1.038033395,8.989892763,0.666470068,0.999424626,1.013218391,0.734375,1.213836478
5.147231388,0.971243043,0.952690167,0.91187384,0.978664193,0.976808905,1.031539889,1.006493506,0.979591837,9.125586752,0.680477735,0.949367089,0.989655172,0.734375,1.301886792
5.1386359,0.980519481,0.997217069,0.962894249,0.811688312,1.020408163,1.003710575,0.976808905,0.923005566,9.173500999,0.681952226,0.989643268,0.951149425,0.703125,1.277987421
5.136576323,0.99257885,1.018552876,0.990723562,0.790352505,1.022263451,0.986085343,1.038033395,0.883116883,9.156268768,0.68475376,0.857882624,0.902298851,0.6875,1.183647799
5.137444476,0.929499072,0.971243043,0.952690167,0.91187384,1.031539889,1.006493506,0.979591837,0.814471243,9.219173817,0.691241522,0.903337169,0.882183908,0.703125,1.26163522
5.142203184,0.982374768,0.980519481,0.997217069,0.962894249,1.003710575,0.976808905,0.923005566,0.840445269,9.345754042,0.689324683,0.948791715,0.94137931,0.6875,1.255345912
5.156349838,0.974953618,0.99257885,1.018552876,0.990723562,0.986085343,1.038033395,0.883116883,0.815398887,9.346771665,0.691831318,0.810701956,0.934482759,0.71875,1.120754717
5.170507912,0.976808905,0.929499072,0.971243043,0.952690167,1.006493506,0.979591837,0.814471243,0.708719852,9.287359266,0.695812445,0.85155351,0.918390805,0.703125,1.041509434
5.180680864,1.020408163,0.982374768,0.980519481,0.997217069,0.976808905,0.923005566,0.840445269,0.611317254,9.283403218,0.698171631,0.86018412,0.917241379,0.6875,1.047798742
5.170448345,1.022263451,0.974953618,0.99257885,1.018552876,1.038033395,0.883116883,0.815398887,0.577922078,9.320366019,0.697286936,0.85730725,0.844827586,0.703125,1.11572327
5.150548609,1.031539889,0.976808905,0.929499072,0.971243043,0.979591837,0.814471243,0.708719852,0.530612245,9.388735134,0.693895606,0.8141542,0.858045977,0.6875,1.059119497
5.122960873,1.003710575,1.020408163,0.982374768,0.980519481,0.923005566,0.840445269,0.611317254,0.467532468,9.424539933,0.690356827,0.833141542,0.80862069,0.71875,0.997484277
5.089220397,0.986085343,1.022263451,0.974953618,0.99257885,0.883116883,0.815398887,0.577922078,0.481447124,9.506440965,0.691978767,0.779056387,0.782183908,0.734375,0.978616352
5.054935106,1.006493506,1.031539889,0.976808905,0.929499072,0.814471243,0.708719852,0.530612245,0.542671614,9.662889754,0.683426718,0.765247411,0.759195402,0.71875,0.879245283
5.017253708,0.976808905,1.003710575,1.020408163,0.982374768,0.840445269,0.611317254,0.467532468,0.569573284,9.723536325,0.668976703,0.680667434,0.724712644,0.734375,0.862893082
4.974404609,1.038033395,0.986085343,1.022263451,0.974953618,0.815398887,0.577922078,0.481447124,0.359925788,9.752749889,0.657180773,0.727272727,0.685057471,0.734375,0.914465409
4.930867633,0.979591837,1.006493506,1.031539889,0.976808905,0.708719852,0.530612245,0.542671614,0.416512059,9.827344768,0.635505751,0.68872267,0.703448276,0.734375,0.806289308
4.886946196,0.923005566,0.976808905,1.003710575,1.020408163,0.611317254,0.467532468,0.569573284,0.358070501,9.929872676,0.612651135,0.596662831,0.660344828,0.78125,0.778616352
4.83855603,0.883116883,1.038033395,0.986085343,1.022263451,0.577922078,0.481447124,0.359925788,0.371057514,9.971526567,0.581539369,0.623705409,0.628735632,0.78125,0.788679245
4.78130018,0.814471243,0.979591837,1.006493506,1.031539889,0.530612245,0.542671614,0.416512059,0.234693878,9.920556375,0.543055146,0.634637514,0.582758621,0.765625,0.74591195
4.726410729,0.840445269,0.923005566,0.976808905,1.003710575,0.467532468,0.569573284,0.358070501,0.249536178,9.901956619,0.50339133,0.578250863,0.555747126,0.796875,0.672955975
4.67335425,0.815398887,0.883116883,1.038033395,0.986085343,0.481447124,0.359925788,0.371057514,0.378478664,9.939476987,0.478767325,0.582853855,0.579310345,0.78125,0.674213836
4.629146554,0.708719852,0.814471243,0.979591837,1.006493506,0.542671614,0.416512059,0.234693878,0.508348794,9.957677553,0.45930404,0.559838895,0.57183908,0.84375,0.633962264
4.590962792,0.611317254,0.840445269,0.923005566,0.976808905,0.569573284,0.358070501,0.249536178,0.457328386,9.972718021,0.450751991,0.601841197,0.67816092,0.875,0.612578616
4.552011156,0.577922078,0.815398887,0.883116883,1.038033395,0.359925788,0.371057514,0.378478664,0.439703154,10.00626943,0.443674432,0.531070196,0.529310345,0.90625,0.6
4.510689023,0.530612245,0.708719852,0.814471243,0.979591837,0.416512059,0.234693878,0.508348794,0.505565863,10.07288485,0.444264229,0.48561565,0.493103448,0.953125,0.547169811
4.464776755,0.467532468,0.611317254,0.840445269,0.923005566,0.358070501,0.249536178,0.457328386,0.495361781,10.06172404,0.418165733,0.471806674,0.458045977,0.953125,0.544654088
4.414392041,0.481447124,0.577922078,0.815398887,0.883116883,0.371057514,0.378478664,0.439703154,0.451762523,10.04349807,0.401503981,0.447065593,0.422988506,1.015625,0.494339623
4.358561159,0.542671614,0.530612245,0.708719852,0.814471243,0.234693878,0.508348794,0.505565863,0.469387755,10.02901729,0.383220289,0.375143843,0.359770115,1.0625,0.489308176
4.302205852,0.569573284,0.467532468,0.611317254,0.840445269,0.249536178,0.457328386,0.495361781,0.497217069,10.06250442,0.360070776,0.322209436,0.318390805,1.140625,0.474213836
4.256756791,0.359925788,0.481447124,0.577922078,0.815398887,0.378478664,0.439703154,0.451762523,0.524118738,10.08078472,0.336478915,0.281933257,0.313218391,1.21875,0.422641509
4.219115846,0.416512059,0.542671614,0.530612245,0.708719852,0.508348794,0.505565863,0.469387755,0.430426716,9.933902957,0.321586553,0.334867664,0.320689655,1.296875,0.467924528
4.185067602,0.358070501,0.569573284,0.467532468,0.611317254,0.457328386,0.495361781,0.497217069,0.485157699,9.812516824,0.304777352,0.290563867,0.294827586,1.359375,0.426415094
4.154060508,0.371057514,0.359925788,0.481447124,0.577922078,0.439703154,0.451762523,0.524118738,0.535250464,9.783281882,0.292981421,0.275028769,0.299425287,1.40625,0.423899371
4.142500499,0.234693878,0.416512059,0.542671614,0.530612245,0.505565863,0.469387755,0.430426716,0.581632653,9.763080357,0.283987024,0.310701956,0.31954023,1.46875,0.472955975
4.146645502,0.249536178,0.358070501,0.569573284,0.467532468,0.495361781,0.497217069,0.485157699,0.503710575,9.697235061,0.272633441,0.336593786,0.345402299,1.484375,0.494339623
4.149907538,0.378478664,0.371057514,0.359925788,0.481447124,0.451762523,0.524118738,0.535250464,0.47309833,9.69897288,0.263933943,0.341772152,0.341954023,1.484375,0.516981132
4.153105202,0.508348794,0.234693878,0.416512059,0.542671614,0.469387755,0.430426716,0.581632653,0.493506494,9.740984231,0.255676792,0.33716916,0.354022989,1.5,0.525786164
4.157998588,0.457328386,0.249536178,0.358070501,0.569573284,0.497217069,0.485157699,0.503710575,0.450834879,9.720316384,0.249926275,0.336593786,0.35,1.53125,0.485534591
4.165540856,0.439703154,0.378478664,0.371057514,0.359925788,0.524118738,0.535250464,0.47309833,0.462894249,9.684473462,0.245060454,0.307249712,0.335057471,1.5625,0.498113208
4.171036974,0.505565863,0.508348794,0.234693878,0.416512059,0.430426716,0.581632653,0.493506494,0.536178108,9.637268209,0.235771159,0.338319908,0.358045977,1.546875,0.471698113
4.170261901,0.495361781,0.457328386,0.249536178,0.358070501,0.485157699,0.503710575,0.450834879,0.58812616,9.691246274,0.230757889,0.33429229,0.381609195,1.546875,0.442767296
4.166739175,0.451762523,0.439703154,0.378478664,0.371057514,0.535250464,0.47309833,0.462894249,0.601113173,9.642188113,0.230168092,0.353855006,0.365517241,1.515625,0.433962264
4.164078468,0.469387755,0.505565863,0.508348794,0.234693878,0.581632653,0.493506494,0.536178108,0.667903525,9.493886725,0.225007372,0.346950518,0.373563218,1.53125,0.422641509
4.158977945,0.497217069,0.495361781,0.457328386,0.249536178,0.503710575,0.450834879,0.58812616,0.591836735,9.459442313,0.221910941,0.36018412,0.394827586,1.546875,0.479245283
4.144914043,0.524118738,0.451762523,0.439703154,0.378478664,0.47309833,0.462894249,0.601113173,0.606679035,9.440198151,0.220878797,0.395281933,0.366091954,1.546875,0.53081761
4.12501913,0.430426716,0.469387755,0.505565863,0.508348794,0.493506494,0.536178108,0.667903525,0.572356215,9.415171726,0.220141551,0.335443038,0.33045977,1.5,0.352201258
4.094796065,0.485157699,0.497217069,0.495361781,0.457328386,0.450834879,0.58812616,0.591836735,0.53432282,9.406148334,0.214243586,0.30840046,0.337356322,1.46875,0.383647799
4.060038282,0.535250464,0.524118738,0.451762523,0.439703154,0.462894249,0.601113173,0.606679035,0.549165121,9.399774634,0.213211442,0.3141542,0.332758621,1.484375,0.355974843
4.030041334,0.581632653,0.430426716,0.469387755,0.505565863,0.536178108,0.667903525,0.572356215,0.412801484,9.484106608,0.206871129,0.344649022,0.333333333,1.484375,0.354716981
4.00466043,0.503710575,0.485157699,0.497217069,0.495361781,0.58812616,0.591836735,0.53432282,0.430426716,9.503642464,0.20333235,0.341772152,0.323563218,1.484375,0.398742138
3.989008194,0.47309833,0.535250464,0.524118738,0.451762523,0.601113173,0.606679035,0.549165121,0.379406308,9.517361806,0.202300206,0.312428078,0.320689655,1.484375,0.366037736
3.977549758,0.493506494,0.581632653,0.430426716,0.469387755,0.667903525,0.572356215,0.412801484,0.519480519,9.538740584,0.197729283,0.313578826,0.32183908,1.53125,0.361006289
3.967085374,0.450834879,0.503710575,0.485157699,0.497217069,0.591836735,0.53432282,0.430426716,0.601113173,10.05046054,0.19654969,0.310126582,0.363218391,1.46875,0.410062893
3.955955978,0.462894249,0.47309833,0.535250464,0.524118738,0.606679035,0.549165121,0.379406308,0.570500928,10.08015171,0.196107343,0.363636364,0.331034483,1.421875,0.386163522
3.939253914,0.536178108,0.493506494,0.581632653,0.430426716,0.572356215,0.412801484,0.519480519,0.66419295,10.00867824,0.194632852,0.298043728,0.311494253,1.40625,0.339622642
3.920088821,0.58812616,0.450834879,0.503710575,0.485157699,0.53432282,0.430426716,0.601113173,0.64471243,9.983841172,0.192863462,0.345224396,0.335057471,1.40625,0.377358491
3.900220774,0.601113173,0.462894249,0.47309833,0.535250464,0.549165121,0.379406308,0.570500928,0.63729128,10.00833585,0.191831318,0.318757192,0.333908046,1.421875,0.389937107
3.882920752,0.667903525,0.536178108,0.493506494,0.581632653,0.412801484,0.519480519,0.66419295,0.597402597,10.04066459,0.188587437,0.32278481,0.355172414,1.40625,0.383647799
3.871249549,0.591836735,0.58812616,0.450834879,0.503710575,0.430426716,0.601113173,0.64471243,0.581632653,10.07846978,0.185343556,0.349827388,0.365517241,1.421875,0.378616352
3.862699923,0.606679035,0.601113173,0.462894249,0.47309833,0.379406308,0.570500928,0.63729128,0.606679035,10.16933793,0.184311413,0.358457998,0.356896552,1.40625,0.372327044
3.853948161,0.572356215,0.667903525,0.536178108,0.493506494,0.519480519,0.66419295,0.597402597,0.56864564,10.22441427,0.179445591,0.336593786,0.37183908,1.40625,0.376100629
3.846289962,0.53432282,0.591836735,0.58812616,0.450834879,0.601113173,0.64471243,0.581632653,0.652133581,10.26847533,0.175759363,0.373993096,0.350574713,1.40625,0.382389937
3.841437664,0.549165121,0.606679035,0.601113173,0.462894249,0.570500928,0.63729128,0.606679035,0.678107607,10.26115376,0.173252728,0.350978136,0.385632184,1.375,0.397484277
3.840457962,0.412801484,0.572356215,0.667903525,0.536178108,0.66419295,0.597402597,0.56864564,0.663265306,10.34617776,0.170598643,0.409090909,0.405747126,1.34375,0.412578616
3.840678565,0.430426716,0.53432282,0.591836735,0.58812616,0.64471243,0.581632653,0.652133581,0.599257885,10.462688,0.169861398,0.399309551,0.400574713,1.328125,0.428930818
3.841316468,0.379406308,0.549165121,0.606679035,0.601113173,0.63729128,0.606679035,0.678107607,0.54174397,10.51152369,0.16617517,0.415995397,0.41091954,1.28125,0.421383648
3.845322416,0.519480519,0.412801484,0.572356215,0.667903525,0.597402597,0.56864564,0.663265306,0.630797774,10.44010926,0.164553229,0.410241657,0.421264368,1.296875,0.460377358
3.85905047,0.601113173,0.430426716,0.53432282,0.591836735,0.581632653,0.652133581,0.599257885,0.574211503,10.43594992,0.165437924,0.406789413,0.458045977,1.28125,0.445283019
3.879729642,0.570500928,0.379406308,0.549165121,0.606679035,0.606679035,0.678107607,0.54174397,0.640074212,10.4849144,0.162931289,0.433256617,0.429310345,1.28125,0.445283019
3.901491974,0.66419295,0.519480519,0.412801484,0.572356215,0.56864564,0.663265306,0.630797774,0.689239332,10.5649604,0.161899145,0.407364787,0.463793103,1.28125,0.465408805
3.920243258,0.64471243,0.601113173,0.430426716,0.53432282,0.652133581,0.599257885,0.574211503,0.761595547,10.62737304,0.161604247,0.435558113,0.454022989,1.28125,0.452830189
3.93895374,0.63729128,0.570500928,0.379406308,0.549165121,0.678107607,0.54174397,0.640074212,0.751391466,10.65266507,0.158950162,0.425776755,0.482758621,1.28125,0.464150943
3.958929741,0.597402597,0.66419295,0.519480519,0.412801484,0.663265306,0.630797774,0.689239332,0.758812616,10.80790468,0.157328222,0.433831991,0.47816092,1.265625,0.471698113
3.985221314,0.581632653,0.64471243,0.601113173,0.430426716,0.599257885,0.574211503,0.761595547,0.743970315,10.85554807,0.157033324,0.487341772,0.529310345,1.21875,0.48427673
4.016621367,0.606679035,0.63729128,0.570500928,0.379406308,0.54174397,0.640074212,0.751391466,0.6716141,10.90018637,0.154674137,0.526467204,0.514367816,1.21875,0.450314465
4.045936004,0.56864564,0.597402597,0.66419295,0.519480519,0.630797774,0.689239332,0.758812616,0.653061224,10.97707402,0.153347095,0.479286536,0.534482759,1.21875,0.493081761
4.074294782,0.652133581,0.581632653,0.64471243,0.601113173,0.574211503,0.761595547,0.743970315,0.718923933,11.09847876,0.150987909,0.561565017,0.53908046,1.234375,0.501886792
4.110384855,0.678107607,0.606679035,0.63729128,0.570500928,0.640074212,0.751391466,0.6716141,0.736549165,11.1558752,0.149660867,0.515535098,0.544252874,1.234375,0.569811321
